,station,MAE,R_squared,MSE_squared,MSE,NSE,KGE,r,Alpha,Beta
0,/home/eohl/Documents/projects/MOPEX/MOPEX_TS_GF_Ach/1372500,0.24882132172165036,0.7631508865683743,0.6007569967747259,0.7750851545312463,0.7631508865683743,0.7927401147195214,0.8747240842818319,0.8377206258787375,0.9695367480025044
1,/home/eohl/Documents/projects/MOPEX/MOPEX_TS_GF_Ach/6810000,0.1642284694916302,0.8186443098697054,0.1810620430353741,0.42551385763024696,0.8186443098697054,0.8051148914745636,0.9282351554275494,1.1109024503841272,1.143285236878261
2,/home/eohl/Documents/projects/MOPEX/MOPEX_TS_GF_Ach/3301500,0.478264797766918,0.7711490169293553,1.625833355198037,1.2750817053028551,0.7711490169293553,0.8502810154857718,0.8790175736499023,0.9158329988551727,0.9736382330504663
3,/home/eohl/Documents/projects/MOPEX/MOPEX_TS_GF_Ach/1608500,0.4236011957361843,0.44264152167811366,2.6132430821476444,1.6165528392686843,0.44264152167811366,0.41175249770944633,0.690668697735507,0.5172256275613274,0.8685535291197451
4,/home/eohl/Documents/projects/MOPEX/MOPEX_TS_GF_Ach/7069500,0.30101735375928407,0.5496136141688541,0.9763666132733708,0.9881126521168377,0.5496136141688541,0.5901932749552926,0.7446005721497029,0.6814635006841133,0.9646845253580052
5,/home/eohl/Documents/projects/MOPEX/MOPEX_TS_GF_Ach/11342000,1.3574189768298945,0.6337594083287392,9.577698648780185,3.094785719364135,0.6337594083287392,0.7305689207533632,0.8189878438880394,0.972337364778988,1.1976423143366215
6,/home/eohl/Documents/projects/MOPEX/MOPEX_TS_GF_Ach/2135000,0.0712561284355867,0.9825372428194756,0.019868360295978264,0.14095517122822512,0.9825372428194756,0.9496540088294401,0.9921842855353621,0.9598069997061004,1.0292943025472179
7,/home/eohl/Documents/projects/MOPEX/MOPEX_TS_GF_Ach/6884400,0.055487923752848035,0.6988223897089221,0.03046356529070221,0.17453814852547914,0.6988223897089221,0.6852577774892076,0.8438898642072149,0.7321756722287808,0.9455718676814471
8,/home/eohl/Documents/projects/MOPEX/MOPEX_TS_GF_Ach/1567000,0.2601989627740424,0.8597312078407514,0.4034083280429761,0.635144336385814,0.8597312078407514,0.8131769566533724,0.9330647842378137,0.8741664072009372,0.8792174129294908
9,/home/eohl/Documents/projects/MOPEX/MOPEX_TS_GF_Ach/3361500,0.2542418863512117,0.7802362398998518,0.6329227561696879,0.795564426158993,0.7802362398998518,0.7381684028968186,0.8930660114095448,0.7624738476996226,0.9735002962447314
10,/home/eohl/Documents/projects/MOPEX/MOPEX_TS_GF_Ach/12462500,0.33679779451489905,0.9528936786401604,0.36271805703118704,0.6022607882231642,0.9528936786401604,0.8774938177142338,0.9815500955829881,0.8795168944763443,1.0122958126454549
11,/home/eohl/Documents/projects/MOPEX/MOPEX_TS_GF_Ach/5452000,0.37247257858569727,0.450930177073652,2.1635272698720915,1.4708933577496677,0.450930177073652,0.5993560108120315,0.6771042630569604,0.7635718491290895,1.0188594435819922
12,/home/eohl/Documents/projects/MOPEX/MOPEX_TS_GF_Ach/5451500,0.09834533701362083,0.9221882285474544,0.0834307027396717,0.2888437341187648,0.9221882285474544,0.9085739319183622,0.9613259831265674,0.9197646838436772,0.9793762179744687
13,/home/eohl/Documents/projects/MOPEX/MOPEX_TS_GF_Ach/5484500,0.09692189962385754,0.9029617249809656,0.07475403685218783,0.27341184475473596,0.9029617249809656,0.9443200713625725,0.9506271080703309,0.9765946304939987,1.0107126408442453
14,/home/eohl/Documents/projects/MOPEX/MOPEX_TS_GF_Ach/8032000,0.12672891601421224,0.8694792992610114,0.14913120489481832,0.3861750961608197,0.8694792992610114,0.7301579922783354,0.9551531538068454,0.764199145778333,0.8767059341812486
15,/home/eohl/Documents/projects/MOPEX/MOPEX_TS_GF_Ach/12413500,0.29594002982524087,0.937425552699096,0.5531119139645007,0.7437149413347164,0.937425552699096,0.950061589483218,0.9682449088964312,0.9624071986315648,1.0084994305232802
16,/home/eohl/Documents/projects/MOPEX/MOPEX_TS_GF_Ach/4183500,0.15760003155545113,0.9544313402718325,0.08790951095189944,0.2964953809958925,0.9544313402718325,0.9390793465294948,0.9791439012013642,1.0395750353373832,0.9586458497824003
17,/home/eohl/Documents/projects/MOPEX/MOPEX_TS_GF_Ach/8171300,0.3838028881561263,0.38058465826688603,2.8457846135311526,1.686945349894641,0.38058465826688603,0.2003235425422626,0.6329702655038145,0.5386052515016977,0.45973479043528587
18,/home/eohl/Documents/projects/MOPEX/MOPEX_TS_GF_Ach/11025500,0.0863188353536356,0.20977002449022586,0.29302645884660106,0.5413191838893215,0.20977002449022586,0.5761247780429222,0.5830640056715874,0.9437591233675692,1.0516869830630082
19,/home/eohl/Documents/projects/MOPEX/MOPEX_TS_GF_Ach/7152000,0.31778439519814944,0.657556752237253,0.7420329470458398,0.8614133427372946,0.657556752237253,0.6234272430070682,0.8174290768458966,0.8580041876371792,1.2971734991538424
20,/home/eohl/Documents/projects/MOPEX/MOPEX_TS_GF_Ach/6817000,0.2784730749289104,0.5329944996342666,1.148960330019893,1.0718956712385272,0.5329944996342666,0.5554814459890445,0.7359787067185657,0.6438338864623878,1.0321745415119223
21,/home/eohl/Documents/projects/MOPEX/MOPEX_TS_GF_Ach/3159500,0.3357103807102005,0.7855808731205054,0.5495280098425509,0.7413015647107126,0.7855808731205054,0.8074130421849495,0.8874511057856479,0.8459733842487892,0.9735749291048913
22,/home/eohl/Documents/projects/MOPEX/MOPEX_TS_GF_Ach/1664000,0.39004857046624036,0.6187802437995129,1.53249099351631,1.2379382026241497,0.6187802437995129,0.6687967369100589,0.7880165759886243,0.7504575420082177,0.9501282536373792
23,/home/eohl/Documents/projects/MOPEX/MOPEX_TS_GF_Ach/1548500,0.32088749459083116,0.712689042040128,1.3359961635524464,1.1558530025710219,0.712689042040128,0.6130637150740935,0.8753112308580985,0.66283352714862,0.8568526317842361
24,/home/eohl/Documents/projects/MOPEX/MOPEX_TS_GF_Ach/1667500,0.5546882596785232,0.3986861652116027,4.048927176332829,2.0121946169127947,0.3986861652116027,0.35138357073013504,0.6594191747731077,0.51642979776489,0.7337898699957991
25,/home/eohl/Documents/projects/MOPEX/MOPEX_TS_GF_Ach/3079000,0.5433121643000338,0.6183453233695175,2.527086409363143,1.5896812288516031,0.6183453233695175,0.6504655144337629,0.7898243380055204,0.7283508628960876,0.9351363428726369
26,/home/eohl/Documents/projects/MOPEX/MOPEX_TS_GF_Ach/2456500,0.4203921239614775,0.8222195076691905,1.3645198142690051,1.168126625956709,0.8222195076691905,0.8220345226166483,0.9087513799480571,0.8623369490993052,0.9337105974109499
27,/home/eohl/Documents/projects/MOPEX/MOPEX_TS_GF_Ach/2375500,0.4049133464382167,0.9211666338266022,0.31398117972069844,0.5603402356789118,0.9211666338266022,0.8329642696304415,0.9747584687015763,1.1235225359675853,0.8904281814245143
28,/home/eohl/Documents/projects/MOPEX/MOPEX_TS_GF_Ach/9497500,0.07524505262763458,0.5702060071514964,0.11090769868876613,0.3330280749257728,0.5702060071514964,0.5876092537535451,0.7605110655579852,0.6831816492411599,0.8889265536143548
29,/home/eohl/Documents/projects/MOPEX/MOPEX_TS_GF_Ach/7057500,0.27002683126519356,0.5489203575191386,1.370231884743482,1.1705690431339288,0.5489203575191386,0.5887151371872246,0.7438499174195212,0.6785885972799732,0.9846024750533682
30,/home/eohl/Documents/projects/MOPEX/MOPEX_TS_GF_Ach/13351000,0.06520042393772832,0.8111901793980448,0.03858688440796995,0.19643544590518777,0.8111901793980448,0.6912694549944586,0.9295982796122614,0.6994941600239498,0.99262522365398
31,/home/eohl/Documents/projects/MOPEX/MOPEX_TS_GF_Ach/5447500,0.11650805862219231,0.9298004398898329,0.056551869153531255,0.23780636903483315,0.9298004398898329,0.9111827329239806,0.9655448822770812,0.9235285091438439,1.0292140870093456
32,/home/eohl/Documents/projects/MOPEX/MOPEX_TS_GF_Ach/5244000,0.05109963652573765,0.8131202521719909,0.010196015790886177,0.10097532268275342,0.8131202521719909,0.6343440289500258,0.9726602339191899,0.6420248468634218,0.9306413949679677
33,/home/eohl/Documents/projects/MOPEX/MOPEX_TS_GF_Ach/13186000,0.19861337180836638,0.91951206747466,0.17941995923722892,0.42357993252422727,0.91951206747466,0.7370319611262508,0.9879227608904023,0.7657199767991292,0.8811757579717222
34,/home/eohl/Documents/projects/MOPEX/MOPEX_TS_GF_Ach/7346070,0.26704809626106024,0.8436104564768939,0.31726881699888215,0.5632662043819797,0.8436104564768939,0.6281367617025397,0.9686136114800522,0.6909147043753964,0.7956389404964831
35,/home/eohl/Documents/projects/MOPEX/MOPEX_TS_GF_Ach/5592500,0.17352996424856992,0.8722646357865642,0.18403758454438002,0.42899601926402536,0.8722646357865642,0.81281264098082,0.9408632524195988,0.8552082435023761,0.897154000016918
36,/home/eohl/Documents/projects/MOPEX/MOPEX_TS_GF_Ach/3490000,0.45751360595501783,0.7711001240039493,1.3638158761278965,1.1678252763696702,0.7711001240039493,0.8095776837437751,0.8800120269333281,0.8893403761493384,0.9019286356933514
37,/home/eohl/Documents/projects/MOPEX/MOPEX_TS_GF_Ach/8167500,0.22522664161311032,0.2937245280697126,2.35641528886807,1.535061982093254,0.2937245280697126,0.20916427283849748,0.6047061213486755,0.34005772449025534,0.8165876507677996
38,/home/eohl/Documents/projects/MOPEX/MOPEX_TS_GF_Ach/7072000,0.16102547482138024,0.6481661904781866,0.29797683945450654,0.5458725487277287,0.6481661904781866,0.6243530064826617,0.8201648096042203,0.6745365473232112,0.9466754371266617
39,/home/eohl/Documents/projects/MOPEX/MOPEX_TS_GF_Ach/13340500,0.3334060575671446,0.9623709969300414,0.2890634293164157,0.5376461934361814,0.9623709969300414,0.8978971938139397,0.9848196022599325,0.9299638543944345,0.9272712102105529
40,/home/eohl/Documents/projects/MOPEX/MOPEX_TS_GF_Ach/2296750,0.09226469667431018,0.9705300754009938,0.03493891944065296,0.18691955339303845,0.9705300754009938,0.9164158326509115,0.9864066172118295,0.9648674215416956,0.9253860944147421
41,/home/eohl/Documents/projects/MOPEX/MOPEX_TS_GF_Ach/1560000,0.5821154397039319,0.5655104868494637,2.9393991458041997,1.714467598353553,0.5655104868494637,0.4792720552206493,0.8037109180060469,0.522005408199478,0.9355844818886784
42,/home/eohl/Documents/projects/MOPEX/MOPEX_TS_GF_Ach/5555300,0.1847492987148348,0.8085466325024677,0.33556642869838493,0.5792809583426551,0.8085466325024677,0.7219592569599775,0.9115689081403214,0.7763644018549527,0.860451743023928
43,/home/eohl/Documents/projects/MOPEX/MOPEX_TS_GF_Ach/1534000,0.5165536742016318,0.4862713290223183,2.2686546306511386,1.5062053746588273,0.4862713290223183,0.38005767468456697,0.7712852016102315,0.486708836669234,0.7381790509497327
44,/home/eohl/Documents/projects/MOPEX/MOPEX_TS_GF_Ach/8095000,0.388346993752959,0.227881367186759,4.470853954434027,2.114439394835905,0.227881367186759,0.1608985042068245,0.4873698949537856,0.5536494807032242,1.49200905435383
45,/home/eohl/Documents/projects/MOPEX/MOPEX_TS_GF_Ach/9431500,0.044817175793085404,0.566592232212004,0.01368607801817418,0.11698751223175138,0.566592232212004,0.3745809120932665,0.7861576594354611,0.649944332868329,1.4721032925207904
46,/home/eohl/Documents/projects/MOPEX/MOPEX_TS_GF_Ach/7243500,0.16326098184133564,0.8767933709321403,0.15549644906198576,0.3943303805972674,0.8767933709321403,0.7114177395395862,0.9601028040422109,0.7686997942695301,0.8321067314148952
47,/home/eohl/Documents/projects/MOPEX/MOPEX_TS_GF_Ach/11138500,0.14869997212290156,0.6404131713616292,0.2910462863635783,0.5394870585691359,0.6404131713616292,0.5648883497252436,0.8059990091888205,0.7899364148745348,0.672038029684326
48,/home/eohl/Documents/projects/MOPEX/MOPEX_TS_GF_Ach/5320500,0.14175851074818474,0.8617129902947374,0.19772085495386457,0.44465813267482757,0.8617129902947374,0.7937312126861191,0.93780969105919,0.806823721927052,0.9630933111256416
49,/home/eohl/Documents/projects/MOPEX/MOPEX_TS_GF_Ach/5479000,0.12885343792040446,0.9574456079750804,0.10961004993865632,0.3310740852719468,0.9574456079750804,0.8797196005964767,0.9835602288845542,0.8853059487780731,1.0322859570191878
50,/home/eohl/Documents/projects/MOPEX/MOPEX_TS_GF_Ach/3473000,0.3814712634708624,0.6598844953943088,1.1484527485448608,1.071658876949592,0.6598844953943088,0.6459361326892331,0.8253283184306789,0.7229111623634564,0.8655648786587701
51,/home/eohl/Documents/projects/MOPEX/MOPEX_TS_GF_Ach/1668000,0.376551834666587,0.37622470456062884,2.3425821106975264,1.530549610661976,0.37622470456062884,0.3340933538511861,0.6463448671884341,0.472889158800625,0.7987194258968776
52,/home/eohl/Documents/projects/MOPEX/MOPEX_TS_GF_Ach/2347500,0.20676382455002756,0.885767973980985,0.4134385275646786,0.6429918565306084,0.885767973980985,0.8521507954403686,0.9436266431716138,0.8926928933646561,0.9153441272304982
53,/home/eohl/Documents/projects/MOPEX/MOPEX_TS_GF_Ach/3265000,0.33101816720525457,0.766143598804255,0.9128852762362495,0.9554503002439475,0.766143598804255,0.7780749051460385,0.8775293725277118,0.8150339164036415,1.0062642678350098
54,/home/eohl/Documents/projects/MOPEX/MOPEX_TS_GF_Ach/2030500,0.6234667222577545,0.000534132977112578,2.9456423846141058,1.7162873840397783,0.000534132977112578,-0.1495688007205882,0.6854547330979882,0.08618626203632512,0.3774936506600358
55,/home/eohl/Documents/projects/MOPEX/MOPEX_TS_GF_Ach/1064500,0.728790020047044,0.613396123497046,4.86616202432194,2.2059379012841545,0.613396123497046,0.6786779141068449,0.7856384930428263,0.7789791904739062,1.0919066318293076
56,/home/eohl/Documents/projects/MOPEX/MOPEX_TS_GF_Ach/5422000,0.11924600382263166,0.9268679484784101,0.07864281645536883,0.28043326560051474,0.9268679484784101,0.9212776354307864,0.9637784610025251,0.9491257885106281,1.047927292864893
57,/home/eohl/Documents/projects/MOPEX/MOPEX_TS_GF_Ach/3011020,0.33548177203067653,0.8420754205480756,0.5675935835212186,0.7533880696700862,0.8420754205480756,0.691574766690195,0.9499675132948951,0.7446516926809325,0.8344097926639436
58,/home/eohl/Documents/projects/MOPEX/MOPEX_TS_GF_Ach/7052500,0.3269842063489863,0.7558517667179054,1.0795784984206478,1.0390276697088716,0.7558517667179054,0.7684559647466274,0.8716605589334577,0.8441691335426664,0.8866052506184733
59,/home/eohl/Documents/projects/MOPEX/MOPEX_TS_GF_Ach/6860000,0.002348961195101469,0.3399696728231183,0.0002268105368061379,0.015060230303887716,0.3399696728231183,0.06851823129216494,0.676523939717279,0.343881421949116,0.4233459135707679
60,/home/eohl/Documents/projects/MOPEX/MOPEX_TS_GF_Ach/4079000,0.0478041627541175,0.9715382655623745,0.008747442342033401,0.09352776241327171,0.9715382655623745,0.8846145013908469,0.9919258611821969,0.8887834086516576,0.9703437800707923
61,/home/eohl/Documents/projects/MOPEX/MOPEX_TS_GF_Ach/1672500,0.267196891552597,0.7505131216282297,0.46703193811201255,0.6833973500914475,0.7505131216282297,0.6884397233941979,0.8813363746142859,0.7450029969033334,0.865965383647651
62,/home/eohl/Documents/projects/MOPEX/MOPEX_TS_GF_Ach/2055000,0.3217783980316397,0.5930690859949861,0.8638291450956611,0.9294240932403577,0.5930690859949861,0.6358213932921892,0.7742742416844803,0.7493649564970797,1.1373172042564774
63,/home/eohl/Documents/projects/MOPEX/MOPEX_TS_GF_Ach/6847000,0.0005891634157305722,0.3373611720754106,8.883881784533208e-06,0.002980584134785195,0.3373611720754106,0.4361416426797794,0.5916938876744647,0.6906356646453065,0.7643815080092106
64,/home/eohl/Documents/projects/MOPEX/MOPEX_TS_GF_Ach/3365500,0.27746512161708864,0.8510276505675114,0.5699507479775368,0.7549508248737375,0.8510276505675114,0.8204414795582741,0.9263279909972794,0.8625643994312759,0.9109766713212829
65,/home/eohl/Documents/projects/MOPEX/MOPEX_TS_GF_Ach/6897500,0.33368049902736147,0.6701240253658728,1.6770136384083998,1.2949956132776665,0.6701240253658728,0.6026409980946721,0.8395822044195086,0.6578150486003397,0.8772410235791039
66,/home/eohl/Documents/projects/MOPEX/MOPEX_TS_GF_Ach/3603000,0.33251029065159304,0.8255367468783916,0.8331888263918291,0.9127917760320966,0.8255367468783916,0.9041084467595522,0.9162169388486036,1.0321515350593746,1.03379152912037
67,/home/eohl/Documents/projects/MOPEX/MOPEX_TS_GF_Ach/9299500,0.15054158293680459,0.9390715168426308,0.13044647440167256,0.3611737454490187,0.9390715168426308,0.8544550400642221,0.9757131943825699,0.8683570271291297,0.9428719497153314
68,/home/eohl/Documents/projects/MOPEX/MOPEX_TS_GF_Ach/1426500,0.2797543070779882,0.8337675927317495,0.4545417955845473,0.6741971488997468,0.8337675927317495,0.8120525361501356,0.9171402720312103,0.8321237451170584,1.0166155859063684
69,/home/eohl/Documents/projects/MOPEX/MOPEX_TS_GF_Ach/1610000,0.19704886804986937,0.836749028311718,0.46280531930288593,0.6802979636180649,0.836749028311718,0.8605966235422843,0.9151746549422465,0.8921515742101553,0.9753691401226627
70,/home/eohl/Documents/projects/MOPEX/MOPEX_TS_GF_Ach/3531500,0.4821702930427977,0.613700065017605,3.0977125454038847,1.7600319728356881,0.613700065017605,0.5852554046862626,0.8002852955766333,0.6371787799680215,0.9779120287588531
71,/home/eohl/Documents/projects/MOPEX/MOPEX_TS_GF_Ach/7172000,0.5941908958509853,0.3263094547624813,2.587620706184307,1.608608313476064,0.3263094547624813,0.4295990921979763,0.6072068553828156,0.7756091001257619,0.6525529317770171
72,/home/eohl/Documents/projects/MOPEX/MOPEX_TS_GF_Ach/7252000,0.7136533417345848,0.5991577306495157,4.675442490533956,2.1622771539592134,0.5991577306495157,0.6227361952501116,0.7844511287034818,0.8311853148444155,0.7404460277071842
73,/home/eohl/Documents/projects/MOPEX/MOPEX_TS_GF_Ach/6898000,0.6356036356264774,0.6731114286108986,1.5232208235584628,1.2341883258070718,0.6731114286108986,0.21320482506504224,0.8497682930510401,0.8036757505676343,1.7469497108995697
74,/home/eohl/Documents/projects/MOPEX/MOPEX_TS_GF_Ach/14232500,0.5165974465192009,0.7209768117128033,3.1884599260747084,1.78562591997168,0.7209768117128033,0.7426209470723472,0.8530042884149386,0.7972573838109579,0.9405721509529437
75,/home/eohl/Documents/projects/MOPEX/MOPEX_TS_GF_Ach/6884500,0.058129697618708114,0.6745638640291646,0.03065507929077916,0.17508591973879328,0.6745638640291646,0.8330078688837645,0.8341987380421021,0.9802221330984816,1.0022692220553109
76,/home/eohl/Documents/projects/MOPEX/MOPEX_TS_GF_Ach/10296000,0.4041178343734886,0.8362407050486269,1.0680591046850416,1.0334694502911257,0.8362407050486269,0.7475493144279819,0.9532308354932942,1.207938828149617,1.1352975892057602
77,/home/eohl/Documents/projects/MOPEX/MOPEX_TS_GF_Ach/12144500,1.740902674332139,0.6918736477258243,15.619091620483681,3.9520996470842786,0.6918736477258243,0.6752331443266321,0.8415677248765634,0.7188259202418759,1.0362472290713363
78,/home/eohl/Documents/projects/MOPEX/MOPEX_TS_GF_Ach/1329500,0.6430997732823477,0.6897955429530044,1.0727446924782802,1.0357338907645535,0.6897955429530044,0.6463560583962382,0.9059117464520118,1.0971488033564185,1.3267622193334938
79,/home/eohl/Documents/projects/MOPEX/MOPEX_TS_GF_Ach/11080500,0.4970511150324343,0.6980778443046662,2.636912494090102,1.6238572887080016,0.6980778443046662,0.5999542769519912,0.8425809898967321,0.8235816711368196,0.6773044638854853
80,/home/eohl/Documents/projects/MOPEX/MOPEX_TS_GF_Ach/3173000,0.24803613342952938,0.6955831571506574,1.0008845168940483,1.0004421606939846,0.6955831571506574,0.6670345592163724,0.8439043256501392,0.729990615274738,0.8834021553982107
81,/home/eohl/Documents/projects/MOPEX/MOPEX_TS_GF_Ach/1421000,0.3674275342082986,0.6767912525934472,1.1678759809546277,1.0806831084802926,0.6767912525934472,0.6034481779965098,0.8501377216295918,0.6569278862691624,0.8692476775113602
82,/home/eohl/Documents/projects/MOPEX/MOPEX_TS_GF_Ach/3136000,0.2407341909243838,0.7962640216387482,0.25576558734859034,0.5057327232329251,0.7962640216387482,0.6939565890910167,0.9211764742526104,0.7512455172156405,0.8400918124540171
83,/home/eohl/Documents/projects/MOPEX/MOPEX_TS_GF_Ach/6869500,0.03773862150681061,0.6906853320965607,0.017824963651902954,0.13351016310342428,0.6906853320965607,0.5866249221022162,0.8633865075589743,0.6453917431572189,0.8373079814834519
84,/home/eohl/Documents/projects/MOPEX/MOPEX_TS_GF_Ach/7196500,0.3513714720014296,0.6738133144363557,1.0970397574521291,1.0473966571705913,0.6738133144363557,0.7364554747695765,0.8235522059930986,0.8361770171471569,1.1071630676036501
85,/home/eohl/Documents/projects/MOPEX/MOPEX_TS_GF_Ach/2492000,0.4093925870061428,0.7683103240564604,1.3919348659891448,1.1798028928550501,0.7683103240564604,0.6724173228810038,0.9013296602997786,0.6996719820985572,0.9141067169373409
86,/home/eohl/Documents/projects/MOPEX/MOPEX_TS_GF_Ach/13302500,0.06825526683212191,0.9519679263764603,0.011266713204729373,0.10614477474058426,0.9519679263764603,0.8265978514206156,0.9890636027532181,0.8283288774177129,1.0218569444009187
87,/home/eohl/Documents/projects/MOPEX/MOPEX_TS_GF_Ach/4191500,0.25549611282775303,0.8708812115989399,0.31949010976589254,0.5652345617227352,0.8708812115989399,0.8575740004847642,0.9349965410016918,0.8835189486664511,0.9500812626722153
88,/home/eohl/Documents/projects/MOPEX/MOPEX_TS_GF_Ach/3175500,0.26238709691419454,0.7699138180629086,0.7967147798398886,0.8925888078168405,0.7699138180629086,0.8022113093658776,0.8781095490878168,0.8445036738596958,1.0091638788759665
89,/home/eohl/Documents/projects/MOPEX/MOPEX_TS_GF_Ach/1649500,0.8178652831093088,0.10084030375198072,6.2506499887055735,2.5001299943614077,0.10084030375198072,-0.04058930194049415,0.4164783087362155,0.16405675817557938,0.7913677216111186
90,/home/eohl/Documents/projects/MOPEX/MOPEX_TS_GF_Ach/2165000,0.546794337819896,0.6318608253651459,1.0917349969181604,1.0448612333310872,0.6318608253651459,0.6007712317892129,0.8182579732757649,0.6766374032180845,1.1476146201828468
91,/home/eohl/Documents/projects/MOPEX/MOPEX_TS_GF_Ach/1531000,0.31364709616431624,0.6540296995755056,1.033244573772334,1.0164863864176115,0.6540296995755056,0.572845844653874,0.838203516464362,0.642583756236416,0.8310733915604334
92,/home/eohl/Documents/projects/MOPEX/MOPEX_TS_GF_Ach/3010500,0.41262748872684485,0.6664156567725656,1.3943111415705456,1.1808095280656172,0.6664156567725656,0.5396025911687424,0.8736442228562383,0.6023360640610301,0.8054148369107783
93,/home/eohl/Documents/projects/MOPEX/MOPEX_TS_GF_Ach/7068000,0.2556383231667412,0.672119167526689,0.7497046716133497,0.8658548790723245,0.672119167526689,0.6555710745283938,0.8300057189286069,0.7004633161294371,1.0033172459016322
94,/home/eohl/Documents/projects/MOPEX/MOPEX_TS_GF_Ach/7221000,0.022397512855258067,0.5935464861142047,0.007690393606994723,0.08769488928663245,0.5935464861142047,0.48362556269156,0.8308850682351131,0.524448969985603,0.8909407628304151
95,/home/eohl/Documents/projects/MOPEX/MOPEX_TS_GF_Ach/3550000,0.6581262305859065,0.5041214309661608,3.867564909154131,1.96661254678041,0.5041214309661608,0.7010971152377017,0.7354511299278919,0.9063696122044793,1.1029086018953473
96,/home/eohl/Documents/projects/MOPEX/MOPEX_TS_GF_Ach/4100500,0.09243196820468604,0.943561483596913,0.03043426195401684,0.17445418296508924,0.943561483596913,0.9683552033945555,0.9714838415514025,0.9862863062654671,0.9996044450861546
97,/home/eohl/Documents/projects/MOPEX/MOPEX_TS_GF_Ach/5555500,0.17564583823627158,0.7963726394146298,0.2743696165711926,0.5238030322279479,0.7963726394146298,0.6837133527115516,0.9191016887653621,0.702426574088215,0.9296952157853082
98,/home/eohl/Documents/projects/MOPEX/MOPEX_TS_GF_Ach/1423000,0.4744129097666152,0.7357291495813821,1.7544972849956977,1.3245743788084148,0.7357291495813821,0.6794613856750045,0.8741433922886581,0.706563696909403,0.9717112460984065
99,/home/eohl/Documents/projects/MOPEX/MOPEX_TS_GF_Ach/1643000,0.5379356231177168,0.38329859518034826,2.8112886815199087,1.6766897988357623,0.38329859518034826,0.33447164847110156,0.6588675422479714,0.4487807893451396,0.8492883058224543
100,/home/eohl/Documents/projects/MOPEX/MOPEX_TS_GF_Ach/1558000,0.474959442830555,0.5511835656701785,2.0973110134472144,1.4482095889225477,0.5511835656701785,0.46451424202189784,0.7965330418711267,0.5471523212487708,0.7993132445905077
101,/home/eohl/Documents/projects/MOPEX/MOPEX_TS_GF_Ach/3363000,0.19868697868510218,0.8673567270155911,0.2934693724457025,0.5417281351800942,0.8673567270155911,0.8755239182775005,0.9320670254544888,0.8978809923529586,0.9787605516180672
102,/home/eohl/Documents/projects/MOPEX/MOPEX_TS_GF_Ach/7222500,0.017661139191652436,0.14132194845493218,0.01165317583919349,0.10794987651309977,0.14132194845493218,0.042098956148954425,0.40557574519101613,0.2537258816812285,0.9145064012147872
103,/home/eohl/Documents/projects/MOPEX/MOPEX_TS_GF_Ach/5430500,0.03830437874713379,0.9831134727479319,0.003337196797315932,0.057768475809181014,0.9831134727479319,0.941611423576439,0.9928307207240601,0.94216833363016,1.003650432347149
104,/home/eohl/Documents/projects/MOPEX/MOPEX_TS_GF_Ach/5594000,0.2426734866380881,0.8586744630851978,0.3824021462681247,0.6183867287289765,0.8586744630851978,0.8061093151003487,0.9322569059369291,0.8362517370454831,0.9213172364682316
105,/home/eohl/Documents/projects/MOPEX/MOPEX_TS_GF_Ach/4201500,0.7239197975591395,0.4267142159244022,3.7630628452699453,1.939861553119177,0.4267142159244022,0.39751403303087396,0.6807550765753646,0.48927035872329155,1.0150749057604431
106,/home/eohl/Documents/projects/MOPEX/MOPEX_TS_GF_Ach/6890500,0.389746458595592,0.3202440349176455,2.0901794998275176,1.4457453094606663,0.3202440349176455,0.25242748461749553,0.6334019627848713,0.3489244204968419,0.9761015766217336
107,/home/eohl/Documents/projects/MOPEX/MOPEX_TS_GF_Ach/3180500,0.765677951696003,0.5219585983791989,3.555592885713611,1.885627981791109,0.5219585983791989,0.6532616166935336,0.7315914435561467,0.8213279601529361,1.1275172751535967
108,/home/eohl/Documents/projects/MOPEX/MOPEX_TS_GF_Ach/11413000,0.718293104185394,0.7974268212553806,4.495697737607765,2.120306048099605,0.7974268212553806,0.8417062121012986,0.8947273540058199,0.9128748186317981,0.9201013387830496
109,/home/eohl/Documents/projects/MOPEX/MOPEX_TS_GF_Ach/2018000,0.35500072119209747,0.5243579508873644,1.9091515414527493,1.3817205004821884,0.5243579508873644,0.7084549470393731,0.7450605192837485,0.9107738884566158,0.890259031821337
110,/home/eohl/Documents/projects/MOPEX/MOPEX_TS_GF_Ach/14308000,0.6658457530929199,0.7202847181485432,3.6775387665749775,1.9176909987208517,0.7202847181485432,0.6799994100039242,0.861906143985414,0.7121593020297093,1.0218677186929814
111,/home/eohl/Documents/projects/MOPEX/MOPEX_TS_GF_Ach/1334500,0.7396009683428648,0.5691248412701662,1.9720107625693637,1.4042830065799998,0.5691248412701662,0.5571667586717354,0.7737958328515494,0.6436659188982214,1.1340111078803692
112,/home/eohl/Documents/projects/MOPEX/MOPEX_TS_GF_Ach/14321000,0.39757893188052695,0.8260696407810415,1.2905768692758564,1.1360355933138082,0.8260696407810415,0.8494623883142338,0.9099741439483169,0.8964306234111548,0.9381105662716639
113,/home/eohl/Documents/projects/MOPEX/MOPEX_TS_GF_Ach/3381500,0.20560106684003962,0.9593001046700433,0.08906347365648633,0.2984350409326732,0.9593001046700433,0.858490643163547,0.9878798450845219,0.8590166800984338,0.99869484613012
114,/home/eohl/Documents/projects/MOPEX/MOPEX_TS_GF_Ach/2387500,0.31479031327649076,0.8697081246878205,0.37547952851672484,0.6127638440025038,0.8697081246878205,0.8728114477448995,0.94596311574091,1.0887384159228441,1.0733650904982912
115,/home/eohl/Documents/projects/MOPEX/MOPEX_TS_GF_Ach/3051000,0.5781636946842236,0.7901368318634492,2.1529442845828513,1.467291479080708,0.7901368318634492,0.72908372958549,0.9017781373149865,0.753605776702394,0.944882144530436
116,/home/eohl/Documents/projects/MOPEX/MOPEX_TS_GF_Ach/3326500,0.36289783446506746,0.7439515999946984,1.0796615210830323,1.0390676210348546,0.7439515999946984,0.7971263357463387,0.8628521302344269,0.8592837833357586,0.9495308823717421
117,/home/eohl/Documents/projects/MOPEX/MOPEX_TS_GF_Ach/1556000,0.4255838795323806,0.574980758598313,1.8460093578377825,1.3586792696724943,0.574980758598313,0.5610885882427896,0.7728136796210682,0.6567406768535725,0.8476758709972538
118,/home/eohl/Documents/projects/MOPEX/MOPEX_TS_GF_Ach/5554500,0.23223265461131862,0.9042855473479119,0.2326996901434418,0.4823895626394106,0.9042855473479119,0.8740527921809242,0.953262886211069,0.8899535132496683,1.0395993952732998
119,/home/eohl/Documents/projects/MOPEX/MOPEX_TS_GF_Ach/3438000,1.099616129196844,0.691465897680134,2.9834748412530248,1.7272738176829476,0.691465897680134,0.33259984973345447,0.8782875544491123,0.8581677246423525,1.6406970008051405
120,/home/eohl/Documents/projects/MOPEX/MOPEX_TS_GF_Ach/1631000,0.335935566286552,0.6130040660546656,1.3078081699956792,1.1435944079942326,0.6130040660546656,0.7322653821739871,0.8029862536707438,0.9543707960476892,0.8245423552921358
121,/home/eohl/Documents/projects/MOPEX/MOPEX_TS_GF_Ach/2349500,0.17087360690734063,0.9236097039361819,0.20464472262880995,0.45237674855015475,0.9236097039361819,0.8734426219611563,0.9637737605674819,0.9192937676559129,0.9094962234298098
122,/home/eohl/Documents/projects/MOPEX/MOPEX_TS_GF_Ach/6888500,0.6662989556133835,0.2587638135822443,5.710457061955385,2.3896562643935604,0.2587638135822443,0.17093079807954303,0.5503238036981755,0.35030042732985733,1.251072749068433
123,/home/eohl/Documents/projects/MOPEX/MOPEX_TS_GF_Ach/5517000,0.15899030360273558,0.9303752483679574,0.06756642927985239,0.25993543290565907,0.9303752483679574,0.8577839122415125,0.9708601192506657,0.8616359304995603,0.9847793811386699
124,/home/eohl/Documents/projects/MOPEX/MOPEX_TS_GF_Ach/2219500,0.40030895442757825,0.7088565580267494,1.0309300341552783,1.0153472480660388,0.7088565580267494,0.8271660523577243,0.8667873750168654,1.0628122443026633,0.9095533750304735
125,/home/eohl/Documents/projects/MOPEX/MOPEX_TS_GF_Ach/5383000,0.13074025918359744,0.6630223477277762,0.05587554227205262,0.23638008010839792,0.6630223477277762,0.7541801765767884,0.8374411445119709,0.8568211648253586,0.8838026452612887
126,/home/eohl/Documents/projects/MOPEX/MOPEX_TS_GF_Ach/2217500,0.29396070148878123,0.7538691442404263,0.7820942979020685,0.8843609545327453,0.7538691442404263,0.8132851872861699,0.8682971046364102,0.8682347762096582,1.0124376219225821
127,/home/eohl/Documents/projects/MOPEX/MOPEX_TS_GF_Ach/8150700,0.11142669683150738,0.2868466320141101,0.27662665935148956,0.5259530961516337,0.2868466320141101,-0.21402574788883322,0.5972892444237761,0.382236610499662,0.03560850352498385
128,/home/eohl/Documents/projects/MOPEX/MOPEX_TS_GF_Ach/11497500,0.05590892102452743,0.9171124091476357,0.020303300723904193,0.1424896512870468,0.9171124091476357,0.8074856749057175,0.9713163856887509,0.8143432700493973,0.9579215701267317
129,/home/eohl/Documents/projects/MOPEX/MOPEX_TS_GF_Ach/5476500,0.21558327408626243,0.6671908308241299,0.18682860961543643,0.4322367518102046,0.6671908308241299,0.3942023436413086,0.985546913154153,0.4589655527909925,0.7278536502843493
130,/home/eohl/Documents/projects/MOPEX/MOPEX_TS_GF_Ach/12027500,0.48984406654414764,0.9360559229040828,1.3947347473216576,1.180988885350602,0.9360559229040828,0.9273740829442871,0.9719660159696614,1.0641252216775055,1.019405553647881
131,/home/eohl/Documents/projects/MOPEX/MOPEX_TS_GF_Ach/7378500,0.47509080974835854,0.8595201944045383,1.5525582131796554,1.2460169393630471,0.8595201944045383,0.7518605791932517,0.9371210666647173,0.8241304721168347,0.8366313339006585
132,/home/eohl/Documents/projects/MOPEX/MOPEX_TS_GF_Ach/14080500,0.03609280830127637,0.7509708883902603,0.011918847180806347,0.10917347288057822,0.7509708883902603,0.5653932050905399,0.9295831834526141,0.6260650227972395,0.7900067359338011
133,/home/eohl/Documents/projects/MOPEX/MOPEX_TS_GF_Ach/3251500,0.3093184208805925,0.8696178647488818,0.3858689094535279,0.6211834748715777,0.8696178647488818,0.7984689525322335,0.9406248042271884,0.8647981033090506,0.8628511890260607
134,/home/eohl/Documents/projects/MOPEX/MOPEX_TS_GF_Ach/3184000,0.4924701813422241,0.7361169945951997,1.2836731711930964,1.1329930146267877,0.7361169945951997,0.6908202912232534,0.8699989547608725,0.7408218716418521,1.1073243604070184
135,/home/eohl/Documents/projects/MOPEX/MOPEX_TS_GF_Ach/5053000,0.0873849302418763,0.6202181238593817,0.04043869187234278,0.2010937390182568,0.6202181238593817,0.08852453694303086,0.9438163698032945,0.493204992625743,0.24449371944810205
136,/home/eohl/Documents/projects/MOPEX/MOPEX_TS_GF_Ach/5458500,0.14882551157525975,0.8564117365302679,0.23233159977493287,0.4820078835194844,0.8564117365302679,0.8337876139362099,0.9286118537870256,0.8644789206483855,0.9354684037647696
137,/home/eohl/Documents/projects/MOPEX/MOPEX_TS_GF_Ach/6933500,0.29722468473802455,0.8386309216834973,0.4508333521295385,0.6714412499463661,0.8386309216834973,0.7470593041779494,0.9279293838775304,0.7985889324016445,1.1349755672096304
138,/home/eohl/Documents/projects/MOPEX/MOPEX_TS_GF_Ach/4223000,0.4431536769763091,0.5259888661028327,1.7888482215543995,1.3374783069472191,0.5259888661028327,0.4701631542748994,0.7621949132118242,0.5356292288802661,0.9076116310607452
139,/home/eohl/Documents/projects/MOPEX/MOPEX_TS_GF_Ach/3532000,0.27809351477880145,0.8299273918853464,0.6730799652336543,0.8204145081808673,0.8299273918853464,0.911398662693273,0.9140093188713515,0.9873042551368483,1.0171644339825487
140,/home/eohl/Documents/projects/MOPEX/MOPEX_TS_GF_Ach/7144780,0.09617067039172404,0.224437915710613,0.390620131403603,0.6249961051107463,0.224437915710613,0.1441054339502249,0.536753526860374,0.2851919259943506,0.9162884078901573
141,/home/eohl/Documents/projects/MOPEX/MOPEX_TS_GF_Ach/13337000,0.2737580619420345,0.9638164538317806,0.3168172769680463,0.5628652387277494,0.9638164538317806,0.9178665512110452,0.9836241686543302,0.9331235035330581,0.9552197613001768
142,/home/eohl/Documents/projects/MOPEX/MOPEX_TS_GF_Ach/3237500,1.029325850423422,0.27659182913933955,9.310410197513928,3.0512964781407144,0.27659182913933955,0.27645957328465876,0.5421817755620835,0.592319216334586,1.3843300679024286
143,/home/eohl/Documents/projects/MOPEX/MOPEX_TS_GF_Ach/7340000,0.36412950411036515,0.9006022274645852,0.3817867361520146,0.617888935126706,0.9006022274645852,0.8870375846888956,0.9506611504398098,0.9056108565521558,0.9623586026271918
144,/home/eohl/Documents/projects/MOPEX/MOPEX_TS_GF_Ach/9292500,0.20084506902093938,0.8600238837386747,0.23039499652315854,0.4799947880166602,0.8600238837386747,0.6678699462892742,0.9692189953863648,0.7240745195516772,0.8177144230274177
145,/home/eohl/Documents/projects/MOPEX/MOPEX_TS_GF_Ach/7346050,0.27384285558195004,0.814419366007062,0.5336572291687308,0.7305184660011893,0.814419366007062,0.7052652781943022,0.913077276958548,0.8217948868122854,0.7819267689726799
146,/home/eohl/Documents/projects/MOPEX/MOPEX_TS_GF_Ach/11222000,0.5271267141875209,0.5579294951083253,1.148970110252951,1.0719002333486782,0.5579294951083253,0.4151760688530386,0.8725440553541003,0.5303990086028079,0.6755790982452249
147,/home/eohl/Documents/projects/MOPEX/MOPEX_TS_GF_Ach/8103800,0.20791520028586077,0.3415704544503154,0.5305075817496752,0.728359514079191,0.3415704544503154,0.303226563233139,0.5929364944277068,0.5285860461077483,1.312348217044331
148,/home/eohl/Documents/projects/MOPEX/MOPEX_TS_GF_Ach/1127000,0.329830401120072,0.7842342918167369,0.6745615261910265,0.8213169462461045,0.7842342918167369,0.6821547676107089,0.9138807703252239,0.7134862866949399,0.8926735721223733
149,/home/eohl/Documents/projects/MOPEX/MOPEX_TS_GF_Ach/3361650,0.35864332187231185,0.7919540414375155,0.7276520446225903,0.8530252309413774,0.7919540414375155,0.8767396270065501,0.898322296047208,1.0149513183875498,0.9319469166911086
150,/home/eohl/Documents/projects/MOPEX/MOPEX_TS_GF_Ach/1663500,0.4946272281875362,0.33743700937372956,3.1414015253384555,1.772399933801188,0.33743700937372956,0.3021149226567359,0.6099951826089886,0.43360478923957263,1.11889612616847
151,/home/eohl/Documents/projects/MOPEX/MOPEX_TS_GF_Ach/11401500,0.25038413782778846,0.7726048358893765,0.4128988832841074,0.6425720841151655,0.7726048358893765,0.4736088840137592,0.8922284771092839,0.8845950947137197,1.5021499912166887
152,/home/eohl/Documents/projects/MOPEX/MOPEX_TS_GF_Ach/4176500,0.1236369112912546,0.9201475041720569,0.06071561024614752,0.2464053778758644,0.9201475041720569,0.8182862835865191,0.9698487911193624,0.8638534936233788,0.8834885922440392
153,/home/eohl/Documents/projects/MOPEX/MOPEX_TS_GF_Ach/14359000,0.1760355602041504,0.794402543800163,0.31444790600302586,0.5607565478913518,0.794402543800163,0.7656932611885174,0.8980273284156605,0.7897107755149285,0.983276837383677
154,/home/eohl/Documents/projects/MOPEX/MOPEX_TS_GF_Ach/6820500,0.41523909996357233,0.8208980649795511,0.6267013043823514,0.7916446831643293,0.8208980649795511,0.6863318676695067,0.9134657803436077,0.8663461552083701,1.2702520598266995
155,/home/eohl/Documents/projects/MOPEX/MOPEX_TS_GF_Ach/12134500,1.8560531143271197,0.6536620750382941,19.601603378469637,4.427369803672338,0.6536620750382941,0.6322870480414894,0.8291103451138203,0.7077109544916653,0.8565543490838743
156,/home/eohl/Documents/projects/MOPEX/MOPEX_TS_GF_Ach/1076500,0.9374496623012148,0.5722611014436509,3.839614391307384,1.9594934017003947,0.5722611014436509,0.5920178125876123,0.7730180247002684,0.7499194389192392,1.2288850390575157
157,/home/eohl/Documents/projects/MOPEX/MOPEX_TS_GF_Ach/5482500,0.15883963703556278,0.9144641847386721,0.07180900872692461,0.2679720297473686,0.9144641847386721,0.87673097460745,0.9605928577367123,1.00628155106254,0.8833686496857777
158,/home/eohl/Documents/projects/MOPEX/MOPEX_TS_GF_Ach/13200000,0.07797842229140585,0.9632131235424906,0.031115515993516505,0.17639590696361554,0.9632131235424906,0.8890324911187983,0.9850359340779511,0.9205372536391111,0.9240030480929322
159,/home/eohl/Documents/projects/MOPEX/MOPEX_TS_GF_Ach/12449950,0.1231697857531033,0.9551892649461374,0.07617677331503493,0.27600140092947884,0.9551892649461374,0.8534758406855991,0.9846377642527124,0.8788029518825863,0.9191012577152031
160,/home/eohl/Documents/projects/MOPEX/MOPEX_TS_GF_Ach/3109500,0.295826943945218,0.6323278853673212,0.5726291284592181,0.7567226231977066,0.6323278853673212,0.5697161065180067,0.8248457815561504,0.6805781971589626,0.771013230467066
161,/home/eohl/Documents/projects/MOPEX/MOPEX_TS_GF_Ach/1541500,0.36730556324594493,0.6765049387572395,1.3034590096816845,1.1416912935122543,0.6765049387572395,0.5886557713185416,0.8563751274972424,0.6377476033723439,0.868283745856368
162,/home/eohl/Documents/projects/MOPEX/MOPEX_TS_GF_Ach/1562000,0.3138378821189805,0.7609022506191916,0.9597360040155651,0.9796611679634777,0.7609022506191916,0.8534489487997576,0.8766957014126187,0.9556519768691669,0.9343759693240574
163,/home/eohl/Documents/projects/MOPEX/MOPEX_TS_GF_Ach/6600500,0.1013418647243928,0.595915477745509,0.14778868935935613,0.3844329452054755,0.595915477745509,0.5039367407690729,0.8217969620618216,0.5550665713561452,0.8721067691250319
164,/home/eohl/Documents/projects/MOPEX/MOPEX_TS_GF_Ach/7049000,0.4284959062457952,0.5261946142977186,2.303847004559334,1.517842878745799,0.5261946142977186,0.5737879676152565,0.7274913537153175,0.672520065004089,0.9876457932388472
165,/home/eohl/Documents/projects/MOPEX/MOPEX_TS_GF_Ach/6885500,0.44982855032991226,0.22962253981445424,3.5737213432890336,1.8904288781356027,0.22962253981445424,0.10796200348597595,0.5820703871838021,0.25964763891355735,0.7299166658422136
166,/home/eohl/Documents/projects/MOPEX/MOPEX_TS_GF_Ach/11532500,2.0884866964279976,0.6005760236769996,36.34756386622941,6.028894083182205,0.6005760236769996,0.5813059366870282,0.7891458286167996,0.6549381319968132,0.8914756049821883
167,/home/eohl/Documents/projects/MOPEX/MOPEX_TS_GF_Ach/13340600,0.4120346899220585,0.9299872011972259,0.6884606382697674,0.8297352820446817,0.9299872011972259,0.8339476667471888,0.9736723196961947,0.866256223823565,0.9051694513218923
168,/home/eohl/Documents/projects/MOPEX/MOPEX_TS_GF_Ach/7074000,0.3529241347997925,0.520120731996305,1.7593562393829747,1.3264072675400171,0.520120731996305,0.5190034596903297,0.7332935255536098,0.6025997590685807,1.0479413890693547
169,/home/eohl/Documents/projects/MOPEX/MOPEX_TS_GF_Ach/2437000,2.1216535696319325,0.29147015733624426,9.369490474462761,3.060962344502585,0.29147015733624426,0.5218376091659582,0.6106064738405553,0.7791024186540451,0.8320231791325124
170,/home/eohl/Documents/projects/MOPEX/MOPEX_TS_GF_Ach/7290000,0.23274830085927747,0.9360613307906452,0.2694144702618347,0.5190515102201656,0.9360613307906452,0.8614408261258317,0.973462429642269,0.8677883927153927,1.0318511055290271
171,/home/eohl/Documents/projects/MOPEX/MOPEX_TS_GF_Ach/7288500,0.4889644790537488,0.8664739259726719,1.0087737830777452,1.0043773111125844,0.8664739259726719,0.7692765495280588,0.9486380790786842,1.05674056613008,1.2176597616285307
172,/home/eohl/Documents/projects/MOPEX/MOPEX_TS_GF_Ach/2116500,0.2061768463953758,0.7531517697717671,0.3136727926859268,0.5600649896984516,0.7531517697717671,0.8420537316281114,0.8689689897309396,0.9122578080343409,0.9911002365460937
173,/home/eohl/Documents/projects/MOPEX/MOPEX_TS_GF_Ach/5584500,0.3164645435989964,0.7124743805477509,0.9323371966314845,0.9655760957229029,0.7124743805477509,0.8033379926092385,0.8500774261451921,0.9374733958453129,0.8891415732900894
174,/home/eohl/Documents/projects/MOPEX/MOPEX_TS_GF_Ach/4198000,0.2502289544956949,0.847286249799602,0.37424618934133747,0.6117566422535496,0.847286249799602,0.7945290018051475,0.9273301811064631,0.8207878118254791,0.9305707544987724
175,/home/eohl/Documents/projects/MOPEX/MOPEX_TS_GF_Ach/11224500,0.11199955959266454,0.3839854639754011,0.23887976035945765,0.4887532714565271,0.3839854639754011,-5.6599378571497994e-05,0.6471852475150232,0.5099517599839957,0.20282519178864322
176,/home/eohl/Documents/projects/MOPEX/MOPEX_TS_GF_Ach/8172000,0.38114351844466743,0.43570173149932034,2.612697044230773,1.6163839408478338,0.43570173149932034,0.39085372526548245,0.6710518922640382,0.6923812245448707,1.41014999137798
177,/home/eohl/Documents/projects/MOPEX/MOPEX_TS_GF_Ach/2486000,0.19415006489803335,0.9460352048660865,0.1400557119691329,0.37424017952263344,0.9460352048660865,0.8523997161188612,0.9793267320735877,0.8782624033128626,0.9191395192453358
178,/home/eohl/Documents/projects/MOPEX/MOPEX_TS_GF_Ach/1503000,0.2764290889542821,0.8962634688314145,0.38224000684979004,0.618255616108572,0.8962634688314145,0.7804367149931579,0.9636847260442867,0.784003813381432,0.9846740622879393
179,/home/eohl/Documents/projects/MOPEX/MOPEX_TS_GF_Ach/12149000,1.1251487512185072,0.8366421299778904,4.8597209059144975,2.2044774677720107,0.8366421299778904,0.8864911213581838,0.9190536834777329,0.9680833427656196,0.9271077071084838
180,/home/eohl/Documents/projects/MOPEX/MOPEX_TS_GF_Ach/3451500,0.3601473122824308,0.8160761301977709,0.5849664648167294,0.7648310040896155,0.8160761301977709,0.7854559127878038,0.9117559068454963,0.8171988825741997,1.0694686753071665
181,/home/eohl/Documents/projects/MOPEX/MOPEX_TS_GF_Ach/6914000,0.525755541152545,0.5492422219338384,3.6369050410025188,1.9070671307016223,0.5492422219338384,0.6451838419532773,0.7423678809198082,0.7770463048940406,0.9009452319780329
182,/home/eohl/Documents/projects/MOPEX/MOPEX_TS_GF_Ach/2339500,0.43119874495726673,0.7030599792039487,0.4462359149426163,0.6680089183106886,0.7030599792039487,0.7149424044588097,0.8471022793108417,0.7747088455833603,0.9155961166450098
183,/home/eohl/Documents/projects/MOPEX/MOPEX_TS_GF_Ach/3198500,0.39014454413490957,0.6464991027957949,1.5255026537406542,1.235112405305952,0.6464991027957949,0.6838296543868259,0.8072680692603957,0.7695200053493415,0.9015263365951545
184,/home/eohl/Documents/projects/MOPEX/MOPEX_TS_GF_Ach/1628500,0.32343869551490034,0.4567755647877306,1.6590772446290352,1.2880517243608796,0.4567755647877306,0.6580572857281781,0.7244684405509586,0.9618075328248429,1.1988680845239748
185,/home/eohl/Documents/projects/MOPEX/MOPEX_TS_GF_Ach/1055500,0.38576542566486094,0.9047939114463696,0.49432311963729436,0.703081161486563,0.9047939114463696,0.8765163612812467,0.9636439368571226,1.1179420820052104,0.9959861494483567
186,/home/eohl/Documents/projects/MOPEX/MOPEX_TS_GF_Ach/7211500,0.01935537614372804,0.5210740612477289,0.0035637879658661203,0.05969747034729462,0.5210740612477289,0.4036373296800668,0.738384423991619,0.7444124748075958,0.5289578130284439
187,/home/eohl/Documents/projects/MOPEX/MOPEX_TS_GF_Ach/3328500,0.29752992470127093,0.8579768139743669,0.39408861126663564,0.6277647738338268,0.8579768139743669,0.8096194961804958,0.9329060222814844,0.8218432807389289,1.0018214748440417
188,/home/eohl/Documents/projects/MOPEX/MOPEX_TS_GF_Ach/2058400,0.33841890801737623,0.25321264244038744,2.3105271979632223,1.5200418408593963,0.25321264244038744,0.21219083467234212,0.5281936610288674,0.4017779300747837,0.7995694271441921
189,/home/eohl/Documents/projects/MOPEX/MOPEX_TS_GF_Ach/6340500,0.04758651540079193,0.744962848336316,0.01657696656426855,0.1287515691720631,0.744962848336316,0.5782441039099805,0.8846925836516626,1.0540978847136935,0.5979357582533975
190,/home/eohl/Documents/projects/MOPEX/MOPEX_TS_GF_Ach/2475500,0.36816408657268795,0.8097895259858684,1.1064289878741225,1.0518692826934926,0.8097895259858684,0.7276430886069367,0.9122810506680583,0.7748171328430589,0.8743960611658673
191,/home/eohl/Documents/projects/MOPEX/MOPEX_TS_GF_Ach/7163000,0.7313322312649674,-0.038817645260081024,13.158425000454582,3.627454341608531,-0.038817645260081024,-0.3638874485068393,0.09488627531109783,0.2607724965625258,0.29679248031901906
192,/home/eohl/Documents/projects/MOPEX/MOPEX_TS_GF_Ach/7056000,0.48409576479370325,0.5625898197227812,4.115719823835914,2.0287236933195003,0.5625898197227812,0.6849153188627292,0.7520402276732648,0.8061993847825323,1.0153502161672183
193,/home/eohl/Documents/projects/MOPEX/MOPEX_TS_GF_Ach/3269500,0.255880399043162,0.3543207422265393,0.5931382628809211,0.7701547006160003,0.3543207422265393,0.2879720831021513,0.6979102799444249,0.3766091310054084,0.8353507366162789
194,/home/eohl/Documents/projects/MOPEX/MOPEX_TS_GF_Ach/11427000,0.8288884370843894,0.6609914196202396,8.643274962430251,2.9399447209820546,0.6609914196202396,0.8249407521389692,0.8471895376765461,1.085386472401741,1.0019629561759762
195,/home/eohl/Documents/projects/MOPEX/MOPEX_TS_GF_Ach/7147800,0.23026723114283634,0.8060535756141628,0.5722821575926634,0.7564933295096946,0.8060535756141628,0.779666959330842,0.9031900527146812,0.8056789991325134,0.9623990486956925
196,/home/eohl/Documents/projects/MOPEX/MOPEX_TS_GF_Ach/12413000,0.3319008412877229,0.8766561237243452,0.9683493068804022,0.9840474108905537,0.8766561237243452,0.748493904375556,0.9582962049856285,0.757266580642316,0.9490431874566512
197,/home/eohl/Documents/projects/MOPEX/MOPEX_TS_GF_Ach/6480000,0.06452866428317394,0.5831362641812754,0.034073915230552726,0.18459121114113947,0.5831362641812754,0.43429373249369274,0.8408431252379659,0.5568299140180819,0.6864829427245158
198,/home/eohl/Documents/projects/MOPEX/MOPEX_TS_GF_Ach/3214000,0.3589417094495285,0.6560589179362856,1.2958364397477977,1.1383481188756792,0.6560589179362856,0.7534473294006707,0.8108703338641713,0.8446458021556924,0.9702802762603173
199,/home/eohl/Documents/projects/MOPEX/MOPEX_TS_GF_Ach/1634000,0.507215890560426,0.4714131734221113,1.8077754398174066,1.344535399242953,0.4714131734221113,0.4406551935860056,0.7116796781594221,0.7478623805034673,1.4076329541519874
200,/home/eohl/Documents/projects/MOPEX/MOPEX_TS_GF_Ach/4221000,0.3717849041246794,0.6323732168263769,1.1539747099787758,1.0742321490156472,0.6323732168263769,0.6129887100064813,0.8082768260227695,0.6688794825695753,0.9418694049647532
201,/home/eohl/Documents/projects/MOPEX/MOPEX_TS_GF_Ach/14101500,0.12071377937873197,0.8904250607662633,0.08805979752245482,0.29674871107126116,0.8904250607662633,0.7942918947824548,0.95796093538549,0.8212362875391561,0.9073065444287114
202,/home/eohl/Documents/projects/MOPEX/MOPEX_TS_GF_Ach/5585000,0.2592466579006798,0.8020518055680526,0.4737701462485506,0.6883096296352033,0.8020518055680526,0.8239963801602094,0.9255527715102054,1.1591518532016727,1.0102748230822283
203,/home/eohl/Documents/projects/MOPEX/MOPEX_TS_GF_Ach/13336500,0.23697736602044311,0.9586964132068155,0.23934522091682742,0.48922921102161043,0.9586964132068155,0.873429194201609,0.9845593120836545,0.8965083719562205,0.9287873820031028
204,/home/eohl/Documents/projects/MOPEX/MOPEX_TS_GF_Ach/3069500,0.8454216709542165,0.5715257757903058,6.27425775572888,2.504846852749461,0.5715257757903058,0.5338808346475084,0.7795472635340818,0.5897905531697212,0.9801033413662376
205,/home/eohl/Documents/projects/MOPEX/MOPEX_TS_GF_Ach/4178000,0.1974070102543608,0.9319842120601113,0.10609954597063051,0.325729252555908,0.9319842120601113,0.8675032918343073,0.9698794178155971,0.9548831214127589,1.120882568926051
206,/home/eohl/Documents/projects/MOPEX/MOPEX_TS_GF_Ach/1520000,0.5749764963807793,0.26423966886187666,3.2024342126598766,1.7895346357810114,0.26423966886187666,0.10481985092256618,0.6629583598729772,0.3199297199375631,0.5253897954125074
207,/home/eohl/Documents/projects/MOPEX/MOPEX_TS_GF_Ach/3289500,0.6414740408335888,0.6383340692265268,2.8511636511373832,1.6885389101638681,0.6383340692265268,0.6962430622240232,0.8438374297728652,1.0825456985942352,1.2471188712961507
208,/home/eohl/Documents/projects/MOPEX/MOPEX_TS_GF_Ach/5454500,0.09880472986930518,0.9710039508356091,0.029733211212428386,0.1724332079746485,0.9710039508356091,0.9235547205752463,0.9873447841913907,0.9276314393247481,0.9788690349260009
209,/home/eohl/Documents/projects/MOPEX/MOPEX_TS_GF_Ach/3266000,0.23737295986659904,0.8980445636883324,0.3081086903436446,0.5550753915853635,0.8980445636883324,0.9239930335027913,0.9478632056904329,0.9556864048461229,0.9669074189618279
210,/home/eohl/Documents/projects/MOPEX/MOPEX_TS_GF_Ach/5526000,0.1332788714920557,0.964353629077451,0.07237009881219862,0.2690169117587194,0.964353629077451,0.9245420393104806,0.9835292308228759,0.9344725444848898,0.966402825001941
211,/home/eohl/Documents/projects/MOPEX/MOPEX_TS_GF_Ach/1514000,0.6444837194228354,0.6080461360495513,3.5124300281021057,1.8741478138348922,0.6080461360495513,0.6482302179281675,0.7819912667142705,0.7250729282664661,0.9749146054836577
212,/home/eohl/Documents/projects/MOPEX/MOPEX_TS_GF_Ach/5582000,0.12473542887594263,0.9077953258003221,0.12582729275722726,0.35472142979699894,0.9077953258003221,0.8592744333060207,0.9569986279660759,0.8722251239627737,0.9596496818077833
213,/home/eohl/Documents/projects/MOPEX/MOPEX_TS_GF_Ach/7147070,0.4851590167761309,0.42249209575968816,5.463449765441171,2.3374023542045923,0.42249209575968816,0.48362420158925135,0.6507193321281782,0.6521556928962295,0.846210149064218
214,/home/eohl/Documents/projects/MOPEX/MOPEX_TS_GF_Ach/6808500,0.1675071767758787,0.6504036291682626,0.2863801897676468,0.5351450175117458,0.6504036291682626,0.7672673831266095,0.8086297196185264,0.8675788991028291,1.0025571039544414
215,/home/eohl/Documents/projects/MOPEX/MOPEX_TS_GF_Ach/5515500,0.06609509067322823,0.942001655067859,0.017289873690741087,0.13149096429314483,0.942001655067859,0.8815132235595659,0.9816476334225549,1.1130425323970456,1.0303923131978363
216,/home/eohl/Documents/projects/MOPEX/MOPEX_TS_GF_Ach/1520500,0.5439003420215981,0.1628413930896333,2.4474429629710737,1.5644305554964955,0.1628413930896333,0.024323851793597417,0.6064363949848589,0.24894030157098804,0.5173397008432434
217,/home/eohl/Documents/projects/MOPEX/MOPEX_TS_GF_Ach/1138000,0.46208294780173853,0.6674199833090648,1.3339910400855615,1.1549852986447755,0.6674199833090648,0.6898691834262771,0.8207155627936473,0.7513012269193085,0.9532331930484427
218,/home/eohl/Documents/projects/MOPEX/MOPEX_TS_GF_Ach/3528000,0.23948103461445377,0.8386134086159733,0.4853185535367223,0.6966480844276558,0.8386134086159733,0.8547880921237618,0.9166411593754761,0.8947519721329593,0.9446768176178293
219,/home/eohl/Documents/projects/MOPEX/MOPEX_TS_GF_Ach/11403000,0.2726082671960625,0.6857844480337515,1.0390326052942662,1.0193294880921802,0.6857844480337515,0.4964580374716291,0.9069385729596613,0.555191847717822,0.7831134248335002
220,/home/eohl/Documents/projects/MOPEX/MOPEX_TS_GF_Ach/8015500,0.3936841682996995,0.8823468051752864,1.1816755982510025,1.0870490321282673,0.8823468051752864,0.8483821645068222,0.9531680769835472,1.1076923629841589,0.9040985194008688
221,/home/eohl/Documents/projects/MOPEX/MOPEX_TS_GF_Ach/10309000,0.4249281464056323,0.7492948214604233,0.6453090054011529,0.803311275534679,0.7492948214604233,0.6182958113095117,0.8988172898033189,0.7033823625259452,1.217894754320586
222,/home/eohl/Documents/projects/MOPEX/MOPEX_TS_GF_Ach/5514500,0.7004004131977781,0.49434498344677746,5.78891520586618,2.4060164600156377,0.49434498344677746,0.46201084958500505,0.7146564199230817,0.5999690241914779,0.7809415930241046
223,/home/eohl/Documents/projects/MOPEX/MOPEX_TS_GF_Ach/1606500,0.9821316894807026,-1.5458280011130414,11.387957943509392,3.3746048573884013,-1.5458280011130414,-0.11039861030860942,0.6355285614201471,2.026726038611645,1.214427810397025
224,/home/eohl/Documents/projects/MOPEX/MOPEX_TS_GF_Ach/4185000,0.21013646332843766,0.9315878501045863,0.12491392838566118,0.35343164598782206,0.9315878501045863,0.8849351147490512,0.9685380914598105,1.0043713698584276,1.110593703502431
225,/home/eohl/Documents/projects/MOPEX/MOPEX_TS_GF_Ach/3032500,0.38570608689033403,0.728343140242223,1.2720793178840688,1.1278649377846928,0.728343140242223,0.8175279648227178,0.8551095551480173,0.898289484696795,0.9557532635204539
226,/home/eohl/Documents/projects/MOPEX/MOPEX_TS_GF_Ach/7289500,0.37039914621875686,0.9088009626107727,0.4933718914021851,0.7024043645950565,0.9088009626107727,0.787315891850596,0.9600840513197096,0.9404552033154314,0.799760982603157
227,/home/eohl/Documents/projects/MOPEX/MOPEX_TS_GF_Ach/3253500,0.32246847096804687,0.8529339890199579,0.5114452828963341,0.7151540273929344,0.8529339890199579,0.8876463242295888,0.9238479567216992,0.9260789157811783,1.0368766602551853
228,/home/eohl/Documents/projects/MOPEX/MOPEX_TS_GF_Ach/3346000,0.5855414124031798,0.6672828108764939,2.9270639822965046,1.7108664419809352,0.6672828108764939,0.689507874823988,0.8194773294141209,0.7590340354806125,1.0758441108069687
229,/home/eohl/Documents/projects/MOPEX/MOPEX_TS_GF_Ach/5481000,0.12487470496761131,0.9373453321158224,0.1086417068744076,0.32960841444721584,0.9373453321158224,0.9472682679828283,0.9682209588437575,0.9579573056001411,0.9982280089388669
230,/home/eohl/Documents/projects/MOPEX/MOPEX_TS_GF_Ach/3070000,0.8875991191503272,0.5835908647902808,5.756120633296557,2.399191662476459,0.5835908647902808,0.5863013679904141,0.7780300996710986,0.7031657306994334,0.8162465291664425
231,/home/eohl/Documents/projects/MOPEX/MOPEX_TS_GF_Ach/3324300,0.4806055103255205,0.7974842133225075,0.8917791913029727,0.9443406119102221,0.7974842133225075,0.7405032698782059,0.8973915872602175,0.8782514487803631,1.2049081668817647
232,/home/eohl/Documents/projects/MOPEX/MOPEX_TS_GF_Ach/7029500,0.2941901148061852,0.9552933959194261,0.21988990049871512,0.46892419483186737,0.9552933959194261,0.9161064175548381,0.9800766378167683,1.0300796021095708,0.9242609060542124
233,/home/eohl/Documents/projects/MOPEX/MOPEX_TS_GF_Ach/4221500,0.5039457722283855,0.4417811971482897,5.077760983015684,2.2533887776004575,0.4417811971482897,0.3846084461856888,0.7090799615204394,0.4647660787896466,0.9128395427798107
234,/home/eohl/Documents/projects/MOPEX/MOPEX_TS_GF_Ach/6928000,0.2168813470247839,0.672459954974796,0.8347717796329893,0.9136584589620945,0.672459954974796,0.818221125502274,0.8298402584872369,0.955617562611478,1.0460371679561589
235,/home/eohl/Documents/projects/MOPEX/MOPEX_TS_GF_Ach/6607200,0.1467107396006243,0.6626733687830186,0.15947247657154226,0.399340051299068,0.6626733687830186,0.7235690732055371,0.8311370496114141,0.9072139627637277,1.1982173367001403
236,/home/eohl/Documents/projects/MOPEX/MOPEX_TS_GF_Ach/3455000,0.23176089021423715,0.8424836262203582,0.2573751376144028,0.5073215327722674,0.8424836262203582,0.8615668007196988,0.9210919918925955,0.9102845611115851,0.9300827850629014
237,/home/eohl/Documents/projects/MOPEX/MOPEX_TS_GF_Ach/1048000,0.5279375603461431,0.6627000999128756,2.7795263657332345,1.6671911605251615,0.6627000999128756,0.5513894624329234,0.8568260084533807,0.611463664706686,0.8273960060784469
238,/home/eohl/Documents/projects/MOPEX/MOPEX_TS_GF_Ach/4144000,0.07703259588693034,0.9601255060265291,0.01902385338768465,0.13792698571231318,0.9601255060265291,0.8990262827206369,0.9864260467185945,1.1000291784844092,1.0023670287833468
239,/home/eohl/Documents/projects/MOPEX/MOPEX_TS_GF_Ach/6811500,0.34143692428540046,0.1745124301358707,5.052241696717657,2.2477192210589063,0.1745124301358707,0.10500422639234519,0.4277843395957838,0.3499034466831024,0.7742542489232156
240,/home/eohl/Documents/projects/MOPEX/MOPEX_TS_GF_Ach/2143500,0.4977393095151665,0.3644782424695281,2.276358558509603,1.5087606034456238,0.3644782424695281,0.3823403111730629,0.6103375396942734,0.5208391238675009,1.0084565367741531
241,/home/eohl/Documents/projects/MOPEX/MOPEX_TS_GF_Ach/2478500,0.18595871007249073,0.947562724615252,0.12690832262751428,0.35624194394752884,0.947562724615252,0.9493434609150054,0.9756187975415377,1.0387640171398624,0.9783437562368378
242,/home/eohl/Documents/projects/MOPEX/MOPEX_TS_GF_Ach/1329000,0.6046924704795539,0.7016344049557226,1.781913922114816,1.3348834863443386,0.7016344049557226,0.6552634840791682,0.8539773409561975,0.687718892725386,1.0010763337550779
243,/home/eohl/Documents/projects/MOPEX/MOPEX_TS_GF_Ach/3470000,0.6347537450434898,0.41726031310353706,2.2155976938797832,1.4884883922556411,0.41726031310353706,0.3951080933013549,0.6696491338219562,0.4936059631801235,1.018099819839108
244,/home/eohl/Documents/projects/MOPEX/MOPEX_TS_GF_Ach/5462000,0.10594484890211962,0.920149216657535,0.09314867324729023,0.3052026756882879,0.920149216657535,0.8619193873171948,0.9641839177039115,0.8669038737896122,0.991700299065194
245,/home/eohl/Documents/projects/MOPEX/MOPEX_TS_GF_Ach/3349000,0.25511637469094095,0.822882000393923,0.4072228714383198,0.6381401659810483,0.822882000393923,0.8583979645290053,0.9087945252132169,0.9301434770066371,0.9172185768802923
246,/home/eohl/Documents/projects/MOPEX/MOPEX_TS_GF_Ach/4073500,0.05357835931307402,0.9672534039455132,0.00836372601862349,0.09145340900493261,0.9672534039455132,0.8795389156251349,0.9934071891845337,1.1142193378408263,1.037700803141618
247,/home/eohl/Documents/projects/MOPEX/MOPEX_TS_GF_Ach/2126000,0.43138857622455656,0.6150166879645798,1.6147441129986482,1.270725821331513,0.6150166879645798,0.704305611678839,0.7843864262896063,0.7983890408873435,1.0172910173828187
248,/home/eohl/Documents/projects/MOPEX/MOPEX_TS_GF_Ach/3024000,0.2594898801559241,0.9222820273838949,0.24428562761444983,0.4942525949496369,0.9222820273838949,0.9447379176800674,0.9634462434958968,1.039805024179282,1.0115447251097858
249,/home/eohl/Documents/projects/MOPEX/MOPEX_TS_GF_Ach/5542000,0.311285891750398,0.7846165547204543,0.8455518358625551,0.9195389256918682,0.7846165547204543,0.8642773232198611,0.8895837127200359,0.9655370167216719,0.9289986529759316
250,/home/eohl/Documents/projects/MOPEX/MOPEX_TS_GF_Ach/6913500,0.3042084521915582,0.6173212671736227,0.7148097568913451,0.8454642256721127,0.6173212671736227,0.7231239788692354,0.794129063201222,0.8857186875434588,0.8543385085823726
251,/home/eohl/Documents/projects/MOPEX/MOPEX_TS_GF_Ach/6441500,0.0438714479864051,0.7439641791729814,0.02800254555908265,0.16733961144655096,0.7439641791729814,0.713307401351144,0.8698999080133801,0.7597243083559105,0.9132002062786924
252,/home/eohl/Documents/projects/MOPEX/MOPEX_TS_GF_Ach/6868000,0.042310415916171094,0.63668114483715,0.012490810713542458,0.1117622955810342,0.63668114483715,0.7261942368852489,0.8130928021610128,0.9284684271738135,0.8131349968564449
253,/home/eohl/Documents/projects/MOPEX/MOPEX_TS_GF_Ach/3213000,0.35842625198360933,0.6467653179500916,0.9295875469438521,0.9641512054360831,0.6467653179500916,0.7199666919503255,0.8111737395494591,0.8492364552012713,0.8584597211348298
254,/home/eohl/Documents/projects/MOPEX/MOPEX_TS_GF_Ach/2218500,0.30372729177580704,0.8452174881090078,0.4185901540250819,0.6469854357132638,0.8452174881090078,0.7849833953320344,0.9305835506198754,0.862379113345195,0.8500867304247481
255,/home/eohl/Documents/projects/MOPEX/MOPEX_TS_GF_Ach/8085500,0.023123550361535846,0.6878676381784383,0.009271040041112398,0.09628624014423036,0.6878676381784383,0.7395562023440776,0.8809554762873267,1.1758541680900065,1.1507802529406075
256,/home/eohl/Documents/projects/MOPEX/MOPEX_TS_GF_Ach/5472500,0.23160270219227358,0.8136660505759454,0.4011870480023077,0.6333932806734752,0.8136660505759454,0.7230616842423787,0.9190172760951293,0.7497394103004823,0.9133612880585991
257,/home/eohl/Documents/projects/MOPEX/MOPEX_TS_GF_Ach/4165500,0.26790390722410196,0.7434440218439631,0.27615076883488743,0.5255004936580816,0.7434440218439631,0.662407353783152,0.8860441060320409,0.6828860717812787,0.9794669646825211
258,/home/eohl/Documents/projects/MOPEX/MOPEX_TS_GF_Ach/6817500,0.24534339065089433,0.634839907893657,0.5288151078539634,0.7271967463169533,0.634839907893657,0.7257644659741898,0.7975490464623602,0.8219584730758823,0.9498008543434209
259,/home/eohl/Documents/projects/MOPEX/MOPEX_TS_GF_Ach/5546500,0.17180336963851456,0.8589868396145164,0.06466327572331936,0.25428974757807155,0.8589868396145164,0.8050997489507447,0.9385178504658508,0.8239571559304683,0.9432992927765992
260,/home/eohl/Documents/projects/MOPEX/MOPEX_TS_GF_Ach/7307800,0.018538234108298482,0.40494649083332246,0.00908328268488791,0.09530625732284272,0.40494649083332246,0.3109592283573076,0.6829286261924244,0.43863577181468744,1.2431319234729201
261,/home/eohl/Documents/projects/MOPEX/MOPEX_TS_GF_Ach/3069000,1.2867917133841467,0.46292380051740645,7.54882077122533,2.7475117417811576,0.46292380051740645,0.5955736153811144,0.6922680972577228,0.7768926077305659,1.1381479935621697
262,/home/eohl/Documents/projects/MOPEX/MOPEX_TS_GF_Ach/8189500,0.21385958975247843,0.4361241634363724,1.0488552409527665,1.0241363390451323,0.4361241634363724,0.4355380669176836,0.6646759795301304,0.5988949970039443,0.7871858750776113
263,/home/eohl/Documents/projects/MOPEX/MOPEX_TS_GF_Ach/8150000,0.17996578747979505,0.1994021876463965,0.37213182052509725,0.6100260818400286,0.1994021876463965,-0.3252578415036671,0.501184843235901,0.36847783656335853,2.052934728716681
264,/home/eohl/Documents/projects/MOPEX/MOPEX_TS_GF_Ach/7058000,0.4308475168449755,0.3480263320789999,2.1661310953312936,1.4717782086072935,0.3480263320789999,0.5703074219436732,0.6457054085375424,0.8829105740503903,1.2130753867248245
265,/home/eohl/Documents/projects/MOPEX/MOPEX_TS_GF_Ach/3199000,0.4542898676982241,0.4888584965779269,2.952032876882807,1.718148095154433,0.4888584965779269,0.6304045392319051,0.7033993790210658,0.7798918297338354,0.9865363586882264
266,/home/eohl/Documents/projects/MOPEX/MOPEX_TS_GF_Ach/5593000,0.14675414032916337,0.8557484562059312,0.11617773996138299,0.3408485586904879,0.8557484562059312,0.6944719116271976,0.9609596375004557,0.7341303977692809,0.8546156215739725
267,/home/eohl/Documents/projects/MOPEX/MOPEX_TS_GF_Ach/2143040,0.555461312257985,0.5053513041334003,2.2930458088842225,1.5142806242187155,0.5053513041334003,0.7361138466052559,0.7438839845757959,0.9606808097922702,0.9500551316138324
268,/home/eohl/Documents/projects/MOPEX/MOPEX_TS_GF_Ach/8171000,0.4197655472216537,0.21223969570611956,4.971065077058795,2.229588544341488,0.21223969570611956,0.04029697873586291,0.5025266665094202,0.33785516812745303,0.51511404112538
269,/home/eohl/Documents/projects/MOPEX/MOPEX_TS_GF_Ach/1611500,0.26122867453152143,0.7152081054584349,0.5533811713522427,0.7438959412123733,0.7152081054584349,0.7825561449093831,0.8460910692503408,0.852481915180974,1.0428052076679053
270,/home/eohl/Documents/projects/MOPEX/MOPEX_TS_GF_Ach/3167000,0.21714362196184128,0.7204497741282581,0.4364973050255132,0.6606794268217479,0.7204497741282581,0.7480734437933694,0.8511182141770682,0.8053303395233868,1.0583517511496223
271,/home/eohl/Documents/projects/MOPEX/MOPEX_TS_GF_Ach/6359500,0.03587564135836402,0.6991181085547774,0.017472320630947995,0.13218290597103693,0.6991181085547774,0.49921903011503677,0.853886753758368,0.715465120268645,0.6146788335843463
272,/home/eohl/Documents/projects/MOPEX/MOPEX_TS_GF_Ach/3281500,0.4840481872897469,0.7187774463494361,1.9203120397094129,1.3857532391120047,0.7187774463494361,0.6954205310054211,0.8560633270772335,0.7465928142773801,0.9114805933984764
273,/home/eohl/Documents/projects/MOPEX/MOPEX_TS_GF_Ach/6192500,0.0880719200592815,0.9777402742513962,0.03571982874256605,0.18899690140995976,0.9777402742513962,0.9570734572511294,0.9892888570714347,0.9584357002476598,1.0006070219370609
274,/home/eohl/Documents/projects/MOPEX/MOPEX_TS_GF_Ach/9442692,0.004908549542751383,0.518508512230718,0.0005492864049653172,0.023436859963854313,0.518508512230718,0.5564616017586045,0.7268695286538643,0.6585485912903326,0.9255890342290586
275,/home/eohl/Documents/projects/MOPEX/MOPEX_TS_GF_Ach/1500500,0.24793951858256474,0.9230742386195494,0.26303459105819116,0.512868980401614,0.9230742386195494,0.9306420233370011,0.9618385898639003,0.9723759326255335,1.050903306424047
276,/home/eohl/Documents/projects/MOPEX/MOPEX_TS_GF_Ach/1200000,0.3058214127373479,0.7043302450464649,0.8559352989748252,0.9251677139712697,0.7043302450464649,0.7046169618767522,0.8468461520548001,0.7651727930623665,0.9069880601623184
277,/home/eohl/Documents/projects/MOPEX/MOPEX_TS_GF_Ach/5410490,0.059368586787863845,0.8528685089457956,0.023024831960923756,0.151739355346343,0.8528685089457956,0.8115426905215134,0.9330563152648301,0.8286465074643194,0.9591015750208796
278,/home/eohl/Documents/projects/MOPEX/MOPEX_TS_GF_Ach/8033500,0.11707556875398094,0.9709915180284359,0.04033884285132393,0.2008453207105506,0.9709915180284359,0.9018784082644599,0.9882582896299494,1.0260982231526539,1.0938555366005445
279,/home/eohl/Documents/projects/MOPEX/MOPEX_TS_GF_Ach/3465500,0.3059183931269287,0.6493683217964459,0.8320716118223023,0.9121795940615545,0.6493683217964459,0.6770092230757789,0.8117994166244016,0.7545276218047978,0.9070113236012682
